key	subject	photographer	source	license	license_url
10	lake	Paul Jarvis	https://unsplash.com/photos/6J--NXulQCs	Unsplash License	https://unsplash.com/license
11	forest	Paul Jarvis	https://unsplash.com/photos/Cm7oKel-X2Q	Unsplash License	https://unsplash.com/license
12	snowy mountain landscape	lilith	https://codec-corpus.r2.imazen.org/imazen-26-unprocessed/1400-lilith-nature/1400_nature_snowy-mountain-landscape_colorado_s10_iso50-f2p2_20200226-105616_4608x3456.jpg	PD-own	https://github.com/imazen/imazen-26/blob/main/README.md
13	dolphin in ocean	lilith	https://codec-corpus.r2.imazen.org/imazen-26-unprocessed/1400-lilith-nature/1401_nature_dolphin-in-ocean_ala-moana-east-honolulu-hawaii_s21u_iso50-f2p4_20210605-072339_4000x3000.jpg	PD-own	https://github.com/imazen/imazen-26/blob/main/README.md
14	rocky ocean coast	lilith	https://codec-corpus.r2.imazen.org/imazen-26-unprocessed/1400-lilith-nature/1402_nature_rocky-ocean-coast_spitting-caves-east-honolulu_s21u_iso16-f1p8_20210605-110609_4000x3000.jpg	PD-own	https://github.com/imazen/imazen-26/blob/main/README.md
15	large tree canopy	lilith	https://codec-corpus.r2.imazen.org/imazen-26-unprocessed/1400-lilith-nature/1403_nature_large-tree-canopy_honolulu-zoo-east-honolulu_s21u_iso50-f2p2_20210605-154933-3_4000x3000.jpg	PD-own	https://github.com/imazen/imazen-26/blob/main/README.md
16	palm trees sunset	lilith	https://codec-corpus.r2.imazen.org/imazen-26-unprocessed/1400-lilith-nature/1404_nature_palm-trees-sunset_ka-anapali-beach-kaanapali_s21u_iso16-f1p8_20210607-180007_4000x3000.jpg	PD-own	https://github.com/imazen/imazen-26/blob/main/README.md
17	sea cave waves	lilith	https://codec-corpus.r2.imazen.org/imazen-26-unprocessed/1400-lilith-nature/1405_nature_sea-cave-waves_keawaiki-bay-hana_s21u_iso16-f1p8_20210608-123424_4000x3000.jpg	PD-own	https://github.com/imazen/imazen-26/blob/main/README.md
18	tropical coastline bay	lilith	https://codec-corpus.r2.imazen.org/imazen-26-unprocessed/1400-lilith-nature/1406_nature_tropical-coastline-bay_waianapanapa-state-park-hana_s21u_iso50-f2p2_20210608-132330_4000x2252.jpg	PD-own	https://github.com/imazen/imazen-26/blob/main/README.md
19	rocky coastline ocean	lilith	https://codec-corpus.r2.imazen.org/imazen-26-unprocessed/1400-lilith-nature/1407_nature_rocky-coastline-ocean_20210608-132404-2_8160x6120.jpg	PD-own	https://github.com/imazen/imazen-26/blob/main/README.md
20	coastal cliff road	lilith	https://codec-corpus.r2.imazen.org/imazen-26-unprocessed/1400-lilith-nature/1408_nature_coastal-cliff-road_maui-hawaii_s21u_iso16-f1p8_20210608-162813_4000x3000.jpg	PD-own	https://github.com/imazen/imazen-26/blob/main/README.md
21	rainbow over landscape	lilith	https://codec-corpus.r2.imazen.org/imazen-26-unprocessed/1400-lilith-nature/1409_nature_rainbow-over-landscape_maui-hawaii_s21u_iso16-f1p8_20210608-165509_4000x3000.jpg	PD-own	https://github.com/imazen/imazen-26/blob/main/README.md
22	coastal road view	lilith	https://codec-corpus.r2.imazen.org/imazen-26-unprocessed/1400-lilith-nature/1410_nature_coastal-road-view_maui-hawaii_s21u_iso50-f2p4_20210608-170946_4000x3000.jpg	PD-own	https://github.com/imazen/imazen-26/blob/main/README.md
23	cow on coastal hill	lilith	https://codec-corpus.r2.imazen.org/imazen-26-unprocessed/1400-lilith-nature/1411_nature_cow-on-coastal-hill_pakowai-maui_s21u_iso50-f2p4_20210608-171206_4000x3000.jpg	PD-own	https://github.com/imazen/imazen-26/blob/main/README.md
24	mountain stream forest	lilith	https://codec-corpus.r2.imazen.org/imazen-26-unprocessed/1400-lilith-nature/1412_nature_mountain-stream-forest_s21u_iso50-f2p4_20210707-140102_4000x3000.jpg	PD-own	https://github.com/imazen/imazen-26/blob/main/README.md
25	mountain landscape clouds	lilith	https://codec-corpus.r2.imazen.org/imazen-26-unprocessed/1400-lilith-nature/1413_nature_mountain-landscape-clouds_colorado_s21u_iso50-f2p2_20210707-143408_4000x3000.jpg	PD-own	https://github.com/imazen/imazen-26/blob/main/README.md
26	forest lake landscape	lilith	https://codec-corpus.r2.imazen.org/imazen-26-unprocessed/1400-lilith-nature/1414_nature_forest-lake-landscape_mason-washington_s21u_iso50-f2p2_20220616-102219_4000x3000.jpg	PD-own	https://github.com/imazen/imazen-26/blob/main/README.md
27	tropical coastline view	lilith	https://codec-corpus.r2.imazen.org/imazen-26-unprocessed/1400-lilith-nature/1415_nature_tropical-coastline-view_kee-beach-kauai_s21u_iso16-f1p8_20221001-133315-1_12000x9000.jpg	PD-own	https://github.com/imazen/imazen-26/blob/main/README.md
28	ocean sunset silhouette	lilith	https://codec-corpus.r2.imazen.org/imazen-26-unprocessed/1400-lilith-nature/1416_nature_ocean-sunset-silhouette_keauhou-kahaluu-heritage-center-kahaluu-keauhou_s21u_iso50-f4p9_20221031-174022_4000x3000.jpg	PD-own	https://github.com/imazen/imazen-26/blob/main/README.md
29	person snowboarding downhill	lilith	https://codec-corpus.r2.imazen.org/imazen-26-unprocessed/1400-lilith-nature/1417_nature_person-snowboarding-downhill_colorado_s21u_iso50-f2p2_20230129-121215_4000x3000.jpg	PD-own	https://github.com/imazen/imazen-26/blob/main/README.md
30	pink flower bush	lilith	https://codec-corpus.r2.imazen.org/imazen-26-unprocessed/1400-lilith-nature/1418_nature_pink-flower-bush_colorado_s23u_iso50-f2p4_20230627-154802_4000x3000.jpg	PD-own	https://github.com/imazen/imazen-26/blob/main/README.md
31	red flower leaves	lilith	https://codec-corpus.r2.imazen.org/imazen-26-unprocessed/1400-lilith-nature/1419_nature_red-flower-leaves_shinjuku-gyoen-national-garden-shinjuku_s23u_iso50-f4p9_20230702-113738_4000x3000.jpg	PD-own	https://github.com/imazen/imazen-26/blob/main/README.md
32	red flower plant	lilith	https://codec-corpus.r2.imazen.org/imazen-26-unprocessed/1400-lilith-nature/1420_nature_red-flower-plant_shinjuku-gyoen-national-garden-shinjuku_s23u_iso200-f4p9_20230702-113825_4000x3000.jpg	PD-own	https://github.com/imazen/imazen-26/blob/main/README.md
33	potted orchids table	lilith	https://codec-corpus.r2.imazen.org/imazen-26-unprocessed/1400-lilith-nature/1421_nature_potted-orchids-table_shinjuku-gyoen-national-garden-shinjuku_s23u_iso16-f1p7_20230702-114223_4000x3000.jpg	PD-own	https://github.com/imazen/imazen-26/blob/main/README.md
34	pink orchid flowers	lilith	https://codec-corpus.r2.imazen.org/imazen-26-unprocessed/1400-lilith-nature/1422_nature_pink-orchid-flowers_s23u_iso125-f4p9_20230704-122020_4000x3000.jpg	PD-own	https://github.com/imazen/imazen-26/blob/main/README.md
35	stone steps garden	lilith	https://codec-corpus.r2.imazen.org/imazen-26-unprocessed/1400-lilith-nature/1423_nature_stone-steps-garden_ninna-temple-kyoto_s23u_iso50-f1p7_20230710-141257_4000x3000.jpg	PD-own	https://github.com/imazen/imazen-26/blob/main/README.md
36	orchid on tree bark	lilith	https://codec-corpus.r2.imazen.org/imazen-26-unprocessed/1400-lilith-nature/1424_nature_orchid-on-tree-bark_fraccionamiento-jardines-de-oriente-valladolid-m_s23u_iso125-f2p4_20230918-110655_4000x3000.jpg	PD-own	https://github.com/imazen/imazen-26/blob/main/README.md
37	cloudy sky	lilith	https://codec-corpus.r2.imazen.org/imazen-26-unprocessed/1400-lilith-nature/1425_nature_cloudy-sky_fujikawaguchiko-japan_s23u_iso50-f4p9_20231101-072553_4000x3000.jpg	PD-own	https://github.com/imazen/imazen-26/blob/main/README.md
38	mountain over lake	lilith	https://codec-corpus.r2.imazen.org/imazen-26-unprocessed/1400-lilith-nature/1426_nature_mountain-over-lake_kawaguchiko-music-forest-fujikawaguchiko_s23u_iso50-f2p4_20231101-103646_4000x3000.jpg	PD-own	https://github.com/imazen/imazen-26/blob/main/README.md
39	pink rose flower	lilith	https://codec-corpus.r2.imazen.org/imazen-26-unprocessed/1400-lilith-nature/1432_nature_pink-rose-flower_kyoto-botanical-garden-kyoto_s23u_iso50-f2p4_20231107-140705_4000x3000.jpg	PD-own	https://github.com/imazen/imazen-26/blob/main/README.md
40	monkey on roof	lilith	https://codec-corpus.r2.imazen.org/imazen-26-unprocessed/1400-lilith-nature/1441_nature_monkey-on-roof_monkey-park-iwatayama-kyoto_s23u_iso50-f4p9_20231108-135953-001_4000x3000.jpg	PD-own	https://github.com/imazen/imazen-26/blob/main/README.md
41	airplane wing aurora	lilith	https://codec-corpus.r2.imazen.org/imazen-26-unprocessed/1400-lilith-nature/1442_nature_airplane-wing-aurora_s23u_iso800-f1p7_20231204-222129_4000x3000.jpg	PD-own	https://github.com/imazen/imazen-26/blob/main/README.md
42	waterfall on cliff	lilith	https://codec-corpus.r2.imazen.org/imazen-26-unprocessed/1400-lilith-nature/1445_nature_waterfall-on-cliff_rangarthing-eystra-iceland_s23u_iso320-f1p7_20231206-154234_4000x3000.jpg	PD-own	https://github.com/imazen/imazen-26/blob/main/README.md
43	icebergs on lake	lilith	https://codec-corpus.r2.imazen.org/imazen-26-unprocessed/1400-lilith-nature/1451_nature_icebergs-on-lake_hornafjordur-iceland_s23u_20231207-154044-pano_3609x3394.jpg	PD-own	https://github.com/imazen/imazen-26/blob/main/README.md
44	person on snowy slope	lilith	https://codec-corpus.r2.imazen.org/imazen-26-unprocessed/1400-lilith-nature/1459_nature_person-on-snowy-slope_colorado_s23u_iso10-f1p7_20240103-131940-0_4000x3000.jpg	PD-own	https://github.com/imazen/imazen-26/blob/main/README.md
45	tropical flower cluster	lilith	https://codec-corpus.r2.imazen.org/imazen-26-unprocessed/1400-lilith-nature/1460_nature_tropical-flower-cluster_cahuita-costa-rica_s23u_iso1000-f1p7_20240211-170302_4000x3000.jpg	PD-own	https://github.com/imazen/imazen-26/blob/main/README.md
46	aerial coastline clouds	lilith	https://codec-corpus.r2.imazen.org/imazen-26-unprocessed/1400-lilith-nature/1461_nature_aerial-coastline-clouds_iceland_s23u_iso10-f1p7_20240421-074547_4000x3000.jpg	PD-own	https://github.com/imazen/imazen-26/blob/main/README.md
47	clouds from above	lilith	https://codec-corpus.r2.imazen.org/imazen-26-unprocessed/1400-lilith-nature/1462_nature_clouds-from-above_iceland_s23u_iso10-f1p7_20240421-074801_4000x3000.jpg	PD-own	https://github.com/imazen/imazen-26/blob/main/README.md
48	wooden bridge over river	lilith	https://codec-corpus.r2.imazen.org/imazen-26-unprocessed/1400-lilith-nature/1463_nature_wooden-bridge-over-river_temple-de-l-amour-versailles_s23u_iso10-f1p7_20240424-164457_4000x3000.jpg	PD-own	https://github.com/imazen/imazen-26/blob/main/README.md
49	flower bed by pond	lilith	https://codec-corpus.r2.imazen.org/imazen-26-unprocessed/1400-lilith-nature/1464_nature_flower-bed-by-pond_grotte-versailles_s23u_iso200-f4p9_20240424-182412_4000x3000.jpg	PD-own	https://github.com/imazen/imazen-26/blob/main/README.md
50	formal garden pathway	lilith	https://codec-corpus.r2.imazen.org/imazen-26-unprocessed/1400-lilith-nature/1465_nature_formal-garden-pathway_notre-dame-versailles-france_s23u_iso50-f2p4_20240424-183031_4000x3000.jpg	PD-own	https://github.com/imazen/imazen-26/blob/main/README.md
51	sun glare on water	lilith	https://codec-corpus.r2.imazen.org/imazen-26-unprocessed/1400-lilith-nature/1466_nature_sun-glare-on-water_blue-lagoon-grindavik_s23u_iso10-f1p7_20240429-202505_4000x3000.jpg	PD-own	https://github.com/imazen/imazen-26/blob/main/README.md
52	riverside walkway cliff	lilith	https://codec-corpus.r2.imazen.org/imazen-26-unprocessed/1400-lilith-nature/1467_nature_riverside-walkway-cliff_cenote-x-canche-ek-balam_s23u_iso10-f1p7_20240529-130630_4000x3000.jpg	PD-own	https://github.com/imazen/imazen-26/blob/main/README.md
53	sun behind clouds	lilith	https://codec-corpus.r2.imazen.org/imazen-26-unprocessed/1400-lilith-nature/1468_nature_sun-behind-clouds_phippsburg-maine_s23u_iso10-f1p7_20240913-140504_4000x3000.jpg	PD-own	https://github.com/imazen/imazen-26/blob/main/README.md
54	beach sunset sailboats	lilith	https://codec-corpus.r2.imazen.org/imazen-26-unprocessed/1400-lilith-nature/1469_nature_beach-sunset-sailboats_waikiki-east-honolulu-hawaii_s23u_iso10-f1p7_20241106-173958_4000x3000.jpg	PD-own	https://github.com/imazen/imazen-26/blob/main/README.md
55	sunset over water	lilith	https://codec-corpus.r2.imazen.org/imazen-26-unprocessed/1400-lilith-nature/1470_nature_sunset-over-water_waikiki-east-honolulu-hawaii_s23u_iso50-f4p9_20241106-175105_4000x3000.jpg	PD-own	https://github.com/imazen/imazen-26/blob/main/README.md
56	ocean sunset coastline	lilith	https://codec-corpus.r2.imazen.org/imazen-26-unprocessed/1400-lilith-nature/1471_nature_ocean-sunset-coastline_haleiwa-waialua-hawaii_s23u_iso50-f2p4_20241110-174752_4000x3000.jpg	PD-own	https://github.com/imazen/imazen-26/blob/main/README.md
57	sunset over parking lot	lilith	https://codec-corpus.r2.imazen.org/imazen-26-unprocessed/1400-lilith-nature/1472_nature_sunset-over-parking-lot_colorado_s23u_iso25-f1p7_20241220-165246_4000x3000.jpg	PD-own	https://github.com/imazen/imazen-26/blob/main/README.md
58	orange tree branches	lilith	https://codec-corpus.r2.imazen.org/imazen-26-unprocessed/1400-lilith-nature/1473_nature_orange-tree-branches_kawazu-japan_s23u_iso16-f1p7_20250305-153750_4000x3000.jpg	PD-own	https://github.com/imazen/imazen-26/blob/main/README.md
59	sunset over water	lilith	https://codec-corpus.r2.imazen.org/imazen-26-unprocessed/1400-lilith-nature/1474_nature_sunset-over-water_minamiizu-japan_s23u_iso50-f2p4_20250306-174348_4000x3000.jpg	PD-own	https://github.com/imazen/imazen-26/blob/main/README.md
60	tree silhouette sunset coast	lilith	https://codec-corpus.r2.imazen.org/imazen-26-unprocessed/1400-lilith-nature/1475_nature_tree-silhouette-sunset-coast_minamiizu-japan_s23u_iso50-f2p2_20250306-174456_4000x3000.jpg	PD-own	https://github.com/imazen/imazen-26/blob/main/README.md
61	ocean sunset horizon	lilith	https://codec-corpus.r2.imazen.org/imazen-26-unprocessed/1400-lilith-nature/1476_nature_ocean-sunset-horizon_minamiizu-japan_s23u_iso125-f4p9_20250306-174535_4000x3000.jpg	PD-own	https://github.com/imazen/imazen-26/blob/main/README.md
62	ocean sunset sky	lilith	https://codec-corpus.r2.imazen.org/imazen-26-unprocessed/1400-lilith-nature/1477_nature_ocean-sunset-sky_minamiizu-japan_s23u_iso125-f4p9_20250306-174712_4000x3000.jpg	PD-own	https://github.com/imazen/imazen-26/blob/main/README.md
63	tree branches ocean horizon	lilith	https://codec-corpus.r2.imazen.org/imazen-26-unprocessed/1400-lilith-nature/1478_nature_tree-branches-ocean-horizon_minamiizu-japan_s23u_iso80-f2p2_20250306-174732_4000x3000.jpg	PD-own	https://github.com/imazen/imazen-26/blob/main/README.md
64	blossoming tree overlook	lilith	https://codec-corpus.r2.imazen.org/imazen-26-unprocessed/1400-lilith-nature/1479_nature_blossoming-tree-overlook_minamiizu-japan_s23u_iso10-f1p7_20250307-113455_4000x3000.jpg	PD-own	https://github.com/imazen/imazen-26/blob/main/README.md
65	snowcapped mountain seascape	lilith	https://codec-corpus.r2.imazen.org/imazen-26-unprocessed/1400-lilith-nature/1480_nature_snowcapped-mountain-seascape_kumomi-matsuzaki-japan_s23u_iso50-f4p9_20250307-122938_4000x3000.jpg	PD-own	https://github.com/imazen/imazen-26/blob/main/README.md
66	rock arch seascape	lilith	https://codec-corpus.r2.imazen.org/imazen-26-unprocessed/1400-lilith-nature/1481_nature_rock-arch-seascape_kumomi-matsuzaki-japan_s23u_iso50-f4p9_20250307-124034_4000x3000.jpg	PD-own	https://github.com/imazen/imazen-26/blob/main/README.md
67	snowcapped mountain landscape	lilith	https://codec-corpus.r2.imazen.org/imazen-26-unprocessed/1400-lilith-nature/1482_nature_snowcapped-mountain-landscape_iwachi-matsuzaki-japan_s23u_iso50-f4p9_20250307-131518_4000x3000.jpg	PD-own	https://github.com/imazen/imazen-26/blob/main/README.md
68	snow capped mountain clouds	lilith	https://codec-corpus.r2.imazen.org/imazen-26-unprocessed/1400-lilith-nature/1483_nature_snow-capped-mountain-clouds_numazu-japan_s23u_iso50-f4p9_20250307-163902_4000x3000.jpg	PD-own	https://github.com/imazen/imazen-26/blob/main/README.md
69	snowy mountain over water	lilith	https://codec-corpus.r2.imazen.org/imazen-26-unprocessed/1400-lilith-nature/1484_nature_snowy-mountain-over-water_uchiura-koumi-numazu-japan_s23u_iso80-f4p9_20250307-173056_4000x3000.jpg	PD-own	https://github.com/imazen/imazen-26/blob/main/README.md
70	sea urchin underwater	lilith	https://codec-corpus.r2.imazen.org/imazen-26-unprocessed/1400-lilith-nature/1485_nature_sea-urchin-underwater_uchiura-koumi-numazu-japan_s23u_iso400-f1p7_20250308-121144_4000x3000.jpg	PD-own	https://github.com/imazen/imazen-26/blob/main/README.md
71	steaming red hot spring	lilith	https://codec-corpus.r2.imazen.org/imazen-26-unprocessed/1400-lilith-nature/1486_nature_steaming-red-hot-spring_miyuki-beppu-japan_s23u_iso10-f1p7_20250311-151632_4000x3000.jpg	PD-own	https://github.com/imazen/imazen-26/blob/main/README.md
72	glacier over water	lilith	https://codec-corpus.r2.imazen.org/imazen-26-unprocessed/1400-lilith-nature/1487_nature_glacier-over-water_kenai-peninsula-borough-alaska_s25u_iso40-f1p7_20250801-135016_4000x3000.jpg	PD-own	https://github.com/imazen/imazen-26/blob/main/README.md
73	iceberg ocean landscape	lilith	https://codec-corpus.r2.imazen.org/imazen-26-unprocessed/1400-lilith-nature/1488_nature_iceberg-ocean-landscape_yakutat-alaska_s25u_iso80-f1p7_20250803-185104_4000x3000.jpg	PD-own	https://github.com/imazen/imazen-26/blob/main/README.md
74	cruise ship deck	lilith	https://codec-corpus.r2.imazen.org/imazen-26-unprocessed/1400-lilith-nature/1489_nature_cruise-ship-deck_unorganized-borough-alaska_s25u_iso125-f1p7_20250804-210918_4000x3000.jpg	PD-own	https://github.com/imazen/imazen-26/blob/main/README.md
75	boat wake at sunset	lilith	https://codec-corpus.r2.imazen.org/imazen-26-unprocessed/1400-lilith-nature/1490_nature_boat-wake-at-sunset_unorganized-borough-alaska_s25u_iso200-f1p7_20250804-211018_4000x3000.jpg	PD-own	https://github.com/imazen/imazen-26/blob/main/README.md
76	ocean sunset clouds	lilith	https://codec-corpus.r2.imazen.org/imazen-26-unprocessed/1400-lilith-nature/1491_nature_ocean-sunset-clouds_unorganized-borough-alaska_s25u_iso100-f3p4_20250804-211059_4000x3000.jpg	PD-own	https://github.com/imazen/imazen-26/blob/main/README.md
77	mountain lake landscape	lilith	https://codec-corpus.r2.imazen.org/imazen-26-unprocessed/1400-lilith-nature/1492_nature_mountain-lake-landscape_whitehorse-canada_s25u_iso64-f1p7_20250805-162506_4000x3000.jpg	PD-own	https://github.com/imazen/imazen-26/blob/main/README.md
78	sunset over sea	lilith	https://codec-corpus.r2.imazen.org/imazen-26-unprocessed/1400-lilith-nature/1493_nature_sunset-over-sea_lower-davie-vancouver-canada_s25u_iso64-f3p4_20250809-203408_4000x3000.jpg	PD-own	https://github.com/imazen/imazen-26/blob/main/README.md
79	sunset over forest	lilith	https://codec-corpus.r2.imazen.org/imazen-26-unprocessed/1400-lilith-nature/1494_nature_sunset-over-forest_colorado_zfold7_iso250-f1p7_20251110-170409_4000x3000.jpg	PD-own	https://github.com/imazen/imazen-26/blob/main/README.md
80	snowy forest trail	lilith	https://codec-corpus.r2.imazen.org/imazen-26-unprocessed/1400-lilith-nature/1499_nature_snowy-forest-trail_colorado_hero7_iso100-f2p8_g0048992_4000x3000.jpg	PD-own	https://github.com/imazen/imazen-26/blob/main/README.md
81	snowy trail tracks	lilith	https://codec-corpus.r2.imazen.org/imazen-26-unprocessed/1400-lilith-nature/1500_nature_snowy-trail-tracks_colorado_hero7_iso100-f2p8_g0049019_4000x3000.jpg	PD-own	https://github.com/imazen/imazen-26/blob/main/README.md
82	snowy ski slope	lilith	https://codec-corpus.r2.imazen.org/imazen-26-unprocessed/1400-lilith-nature/1501_nature_snowy-ski-slope_colorado_hero7_iso100-f2p8_g0051091_4000x3000.jpg	PD-own	https://github.com/imazen/imazen-26/blob/main/README.md
83	oceanfront resort view	lilith	https://codec-corpus.r2.imazen.org/imazen-26-unprocessed/1000-lilith-photos-general/1001_general_oceanfront-resort-view_sheraton-waikiki-east-honolulu_s21u_iso32-f1p8_20210602-055442_4000x3000.jpg	PD-own	https://github.com/imazen/imazen-26/blob/main/README.md
84	docked boat pier	lilith	https://codec-corpus.r2.imazen.org/imazen-26-unprocessed/1000-lilith-photos-general/1003_general_docked-boat-pier_brick-palace-lahaina_s21u_iso50-f2p2_20210609-124821_4000x3000.jpg	PD-own	https://github.com/imazen/imazen-26/blob/main/README.md
85	church steeple among trees	lilith	https://codec-corpus.r2.imazen.org/imazen-26-unprocessed/1000-lilith-photos-general/1006_general_church-steeple-among-trees_s21u_iso50-f1p8_20220304-182325_4000x3000.jpg	PD-own	https://github.com/imazen/imazen-26/blob/main/README.md
86	street building with trees	lilith	https://codec-corpus.r2.imazen.org/imazen-26-unprocessed/1000-lilith-photos-general/1007_general_street-building-with-trees_shinjuku-gyoen-national-garden-shinjuku_s23u_iso10-f1p7_20230702-090345_4000x3000.jpg	PD-own	https://github.com/imazen/imazen-26/blob/main/README.md
87	city view through window	lilith	https://codec-corpus.r2.imazen.org/imazen-26-unprocessed/1000-lilith-photos-general/1008_general_city-view-through-window_tokyo-skytree-sumida_s23u_iso50-f2p2_20230706-142333_4000x3000.jpg	PD-own	https://github.com/imazen/imazen-26/blob/main/README.md
88	aerial cityscape	lilith	https://codec-corpus.r2.imazen.org/imazen-26-unprocessed/1000-lilith-photos-general/1009_general_aerial-cityscape_tokyo-skytree-sumida_s23u_iso50-f2p4_20230706-144950_4000x3000.jpg	PD-own	https://github.com/imazen/imazen-26/blob/main/README.md
89	floating dock on lake	lilith	https://codec-corpus.r2.imazen.org/imazen-26-unprocessed/1000-lilith-photos-general/1010_general_floating-dock-on-lake_hakone-ekiden-museum-hakone_s23u_iso80-f4p9_20230707-172043_4000x3000.jpg	PD-own	https://github.com/imazen/imazen-26/blob/main/README.md
90	city street at night	lilith	https://codec-corpus.r2.imazen.org/imazen-26-unprocessed/1000-lilith-photos-general/1011_general_city-street-at-night_s23u_iso80-f1p7_20230711-19230_4000x2252.jpg	PD-own	https://github.com/imazen/imazen-26/blob/main/README.md
91	tower against blue sky	lilith	https://codec-corpus.r2.imazen.org/imazen-26-unprocessed/1000-lilith-photos-general/1019_general_tower-against-blue-sky_seattle-center-seattle_s23u_iso10-f1p7_20230727-174406_4000x3000.jpg	PD-own	https://github.com/imazen/imazen-26/blob/main/README.md
92	sunset cityscape waterfront	lilith	https://codec-corpus.r2.imazen.org/imazen-26-unprocessed/1000-lilith-photos-general/1021_general_sunset-cityscape-waterfront_seattle-center-seattle_s23u_iso50-f2p2_20230729-204147_4000x3000.jpg	PD-own	https://github.com/imazen/imazen-26/blob/main/README.md
93	thatched roof fence	lilith	https://codec-corpus.r2.imazen.org/imazen-26-unprocessed/1000-lilith-photos-general/1022_general_thatched-roof-fence_azulik-city-arts-francisco-uh-may_s23u_iso50-f2p2_20230917-141034_4000x3000.jpg	PD-own	https://github.com/imazen/imazen-26/blob/main/README.md
94	outdoor dining table	lilith	https://codec-corpus.r2.imazen.org/imazen-26-unprocessed/1000-lilith-photos-general/1024_general_outdoor-dining-table_azulik-city-arts-francisco-uh-may_s23u_iso100-f2p2_20230917-152718_4000x3000.jpg	PD-own	https://github.com/imazen/imazen-26/blob/main/README.md
95	two turtles on rock	lilith	https://codec-corpus.r2.imazen.org/imazen-26-unprocessed/1000-lilith-photos-general/1026_general_two-turtles-on-rock_hotel-zentik-project-valladolid_s23u_iso50-f4p9_20230918-105440_4000x3000.jpg	PD-own	https://github.com/imazen/imazen-26/blob/main/README.md
96	turtle on rock	lilith	https://codec-corpus.r2.imazen.org/imazen-26-unprocessed/1000-lilith-photos-general/1027_general_turtle-on-rock_hotel-zentik-project-valladolid_s23u_iso50-f4p9_20230918-105522_4000x2252.jpg	PD-own	https://github.com/imazen/imazen-26/blob/main/README.md
97	decorative planter bed	lilith	https://codec-corpus.r2.imazen.org/imazen-26-unprocessed/1000-lilith-photos-general/1029_general_decorative-planter-bed_hotel-zentik-project-valladolid_s23u_iso80-f1p7_20230918-105926_4000x3000.jpg	PD-own	https://github.com/imazen/imazen-26/blob/main/README.md
98	rainbow painted staircase	lilith	https://codec-corpus.r2.imazen.org/imazen-26-unprocessed/1000-lilith-photos-general/1034_general_rainbow-painted-staircase_placa-pedro-infante-valladolid_s23u_iso50-f1p7_20230918-111645_2574x3432.jpg	PD-own	https://github.com/imazen/imazen-26/blob/main/README.md
99	stone temple carvings	lilith	https://codec-corpus.r2.imazen.org/imazen-26-unprocessed/1000-lilith-photos-general/1036_general_stone-temple-carvings_ek-balam_s23u_iso16-f1p7_20230918-152107_4000x3000.jpg	PD-own	https://github.com/imazen/imazen-26/blob/main/README.md
100	stone carved archway	lilith	https://codec-corpus.r2.imazen.org/imazen-26-unprocessed/1000-lilith-photos-general/1037_general_stone-carved-archway_ek-balam_s23u_iso64-f2p2_20230918-152337_4000x2252.jpg	PD-own	https://github.com/imazen/imazen-26/blob/main/README.md
101	stone building entrance	lilith	https://codec-corpus.r2.imazen.org/imazen-26-unprocessed/1000-lilith-photos-general/1038_general_stone-building-entrance_ek-balam_s23u_iso20-f1p7_20230918-152619_4000x3000.jpg	PD-own	https://github.com/imazen/imazen-26/blob/main/README.md
102	sun over forest	lilith	https://codec-corpus.r2.imazen.org/imazen-26-unprocessed/1000-lilith-photos-general/1039_general_sun-over-forest_ek-balam_s23u_iso50-f2p2_20230918-160739_4000x3000.jpg	PD-own	https://github.com/imazen/imazen-26/blob/main/README.md
103	river bridge cityscape	lilith	https://codec-corpus.r2.imazen.org/imazen-26-unprocessed/1000-lilith-photos-general/1049_general_river-bridge-cityscape_louvre-palace-paris_s23u_iso50-f4p9_20240425-154623_4000x3000.jpg	PD-own	https://github.com/imazen/imazen-26/blob/main/README.md
104	riverside walkway and river	lilith	https://codec-corpus.r2.imazen.org/imazen-26-unprocessed/1000-lilith-photos-general/1050_general_riverside-walkway-and-river_louvre-palace-paris_s23u_iso50-f2p2_20240425-154625_4000x3000.jpg	PD-own	https://github.com/imazen/imazen-26/blob/main/README.md
105	bread and coffee table	lilith	https://codec-corpus.r2.imazen.org/imazen-26-unprocessed/1000-lilith-photos-general/1055_general_bread-and-coffee-table_blue-lagoon-grindavik_s23u_iso50-f2p2_20240429-174632_4000x3000.jpg	PD-own	https://github.com/imazen/imazen-26/blob/main/README.md
106	flower bouquet and cards	lilith	https://codec-corpus.r2.imazen.org/imazen-26-unprocessed/1000-lilith-photos-general/1056_general_flower-bouquet-and-cards_colorado_s23u_iso80-f2p4_20240505-172513_4000x3000.jpg	PD-own	https://github.com/imazen/imazen-26/blob/main/README.md
107	colorful sailboat sails	lilith	https://codec-corpus.r2.imazen.org/imazen-26-unprocessed/1000-lilith-photos-general/1059_general_colorful-sailboat-sails_waikiki-mlcd-east-honolulu_s23u_iso10-f1p7_20241112-171358_2841x3788.jpg	PD-own	https://github.com/imazen/imazen-26/blob/main/README.md
108	city skyline at dusk	lilith	https://codec-corpus.r2.imazen.org/imazen-26-unprocessed/1000-lilith-photos-general/1061_general_city-skyline-at-dusk_tokyo-skytree-sumida_s23u_iso320-f2p4_20250228-174759_4000x3000.jpg	PD-own	https://github.com/imazen/imazen-26/blob/main/README.md
109	boat on water	lilith	https://codec-corpus.r2.imazen.org/imazen-26-unprocessed/1000-lilith-photos-general/1062_general_boat-on-water_numazu-japan_s23u_iso50-f2p2_20250307-173047_4000x3000.jpg	PD-own	https://github.com/imazen/imazen-26/blob/main/README.md
110	castle bridge moat	lilith	https://codec-corpus.r2.imazen.org/imazen-26-unprocessed/1000-lilith-photos-general/1064_general_castle-bridge-moat_montjuic-castle-barcelona_zfold7_iso40-f1p7_20260315-175347_4000x3000.jpg	PD-own	https://github.com/imazen/imazen-26/blob/main/README.md
111	stone building facade	lilith	https://codec-corpus.r2.imazen.org/imazen-26-unprocessed/1000-lilith-photos-general/1066_general_stone-building-facade_park-guell-barcelona_zfold7_iso80-f1p7_20260318-172109_4000x3000.jpg	PD-own	https://github.com/imazen/imazen-26/blob/main/README.md
